IL,ToplamSandik,ToplamSecmen,KullanilanOy,GecerliOy,Parti,Oy,Turnout,GecerliOy.Orani,Parti.Oran
Adana,4901,1536508,1279815,1222892,SP,23252,0.832937414,0.955522478,0.019013944
Adana,4901,1536508,1279815,1222892,BTP,3202,0.832937414,0.955522478,0.002618383
Adana,4901,1536508,1279815,1222892,TKP,2568,0.832937414,0.955522478,0.00209994
Adana,4901,1536508,1279815,1222892,VP,6188,0.832937414,0.955522478,0.005060136
Adana,4901,1536508,1279815,1222892,CHP,655867,0.832937414,0.955522478,0.536324549
Adana,4901,1536508,1279815,1222892,MHP,523755,0.832937414,0.955522478,0.428292114
Adana,4901,1536508,1279815,1222892,DSP,6391,0.832937414,0.955522478,0.005226136
Adana,4901,1536508,1279815,1222892,Bagimsiz,1669,0.832937414,0.955522478,0.001364798
Adiyaman,485,159663,128635,123641,SP,34766,0.805665683,0.961176974,0.281185044
Adiyaman,485,159663,128635,123641,BTP,256,0.805665683,0.961176974,0.002070511
Adiyaman,485,159663,128635,123641,TKP,268,0.805665683,0.961176974,0.002167566
Adiyaman,485,159663,128635,123641,VP,172,0.805665683,0.961176974,0.001391124
Adiyaman,485,159663,128635,123641,AKP,65805,0.805665683,0.961176974,0.532226365
Adiyaman,485,159663,128635,123641,MHP,6720,0.805665683,0.961176974,0.054350903
Adiyaman,485,159663,128635,123641,IYI,14678,0.805665683,0.961176974,0.118714666
Adiyaman,485,159663,128635,123641,DSP,331,0.805665683,0.961176974,0.002677105
Adiyaman,485,159663,128635,123641,Bagimsiz,446,0.805665683,0.961176974,0.003607218
Adiyaman,485,159663,128635,123641,Bagimsiz,136,0.805665683,0.961176974,0.001099959
Adiyaman,485,159663,128635,123641,Bagimsiz,63,0.805665683,0.961176974,0.00050954
Afyonkarahisar,457,148907,131095,127368,SP,741,0.880381715,0.971570235,0.005817788
Afyonkarahisar,457,148907,131095,127368,BTP,67,0.880381715,0.971570235,0.000526035
Afyonkarahisar,457,148907,131095,127368,TKP,111,0.880381715,0.971570235,0.00087149
Afyonkarahisar,457,148907,131095,127368,VP,135,0.880381715,0.971570235,0.001059921
Afyonkarahisar,457,148907,131095,127368,AKP,54712,0.880381715,0.971570235,0.429558445
Afyonkarahisar,457,148907,131095,127368,MHP,20725,0.880381715,0.971570235,0.16271748
Afyonkarahisar,457,148907,131095,127368,IYI,50562,0.880381715,0.971570235,0.396975692
Afyonkarahisar,457,148907,131095,127368,DSP,315,0.880381715,0.971570235,0.002473149
Agri,194,64435,48815,46427,SP,949,0.757585163,0.95108061,0.020440692
Agri,194,64435,48815,46427,BTP,57,0.757585163,0.95108061,0.001227734
Agri,194,64435,48815,46427,TKP,64,0.757585163,0.95108061,0.001378508
Agri,194,64435,48815,46427,CHP,892,0.757585163,0.95108061,0.019212958
Agri,194,64435,48815,46427,AKP,25799,0.757585163,0.95108061,0.555689577
Agri,194,64435,48815,46427,IYI,1227,0.757585163,0.95108061,0.026428587
Agri,194,64435,48815,46427,HDP,17240,0.757585163,0.95108061,0.371335645
Agri,194,64435,48815,46427,DSP,67,0.757585163,0.95108061,0.001443126
Agri,194,64435,48815,46427,Bagimsiz,44,0.757585163,0.95108061,0.000947724
Agri,194,64435,48815,46427,Bagimsiz,25,0.757585163,0.95108061,0.00053848
Agri,194,64435,48815,46427,Bagimsiz,63,0.757585163,0.95108061,0.001356969
Amasya,231,74272,64868,63123,SP,546,0.873384317,0.973099217,0.008649779
Amasya,231,74272,64868,63123,BTP,46,0.873384317,0.973099217,0.000728736
Amasya,231,74272,64868,63123,TKP,53,0.873384317,0.973099217,0.000839631
Amasya,231,74272,64868,63123,VP,42,0.873384317,0.973099217,0.000665368
Amasya,231,74272,64868,63123,CHP,10887,0.873384317,0.973099217,0.172472791
Amasya,231,74272,64868,63123,AKP,21597,0.873384317,0.973099217,0.342141533
Amasya,231,74272,64868,63123,MHP,29847,0.873384317,0.973099217,0.472838743
Amasya,231,74272,64868,63123,DSP,62,0.873384317,0.973099217,0.000982209
Amasya,231,74272,64868,63123,Bagimsiz,43,0.873384317,0.973099217,0.00068121
Ankara,12180,3925129,3362638,3263409,SP,34175,0.856694901,0.970490728,0.010472178
Ankara,12180,3925129,3362638,3263409,BTP,5573,0.856694901,0.970490728,0.001707723
Ankara,12180,3925129,3362638,3263409,TKP,4628,0.856694901,0.970490728,0.001418149
Ankara,12180,3925129,3362638,3263409,VP,6764,0.856694901,0.970490728,0.002072679
Ankara,12180,3925129,3362638,3263409,CHP,1662183,0.856694901,0.970490728,0.509339467
Ankara,12180,3925129,3362638,3263409,AKP,1537694,0.856694901,0.970490728,0.471192547
Ankara,12180,3925129,3362638,3263409,DSP,9698,0.856694901,0.970490728,0.002971739
Ankara,12180,3925129,3362638,3263409,Bagimsiz,723,0.856694901,0.970490728,0.000221547
Ankara,12180,3925129,3362638,3263409,Bagimsiz,440,0.856694901,0.970490728,0.000134828
Ankara,12180,3925129,3362638,3263409,Bagimsiz,504,0.856694901,0.970490728,0.00015444
Ankara,12180,3925129,3362638,3263409,Bagimsiz,612,0.856694901,0.970490728,0.000187534
Ankara,12180,3925129,3362638,3263409,Bagimsiz,415,0.856694901,0.970490728,0.000127168
Antalya,5437,1708975,1456390,1411008,SP,13601,0.852200881,0.968839391,0.009639208
Antalya,5437,1708975,1456390,1411008,BTP,2071,0.852200881,0.968839391,0.001467745
Antalya,5437,1708975,1456390,1411008,TKP,2135,0.852200881,0.968839391,0.001513103
Antalya,5437,1708975,1456390,1411008,VP,3711,0.852200881,0.968839391,0.002630035
Antalya,5437,1708975,1456390,1411008,CHP,714301,0.852200881,0.968839391,0.50623455
Antalya,5437,1708975,1456390,1411008,AKP,652880,0.852200881,0.968839391,0.462704676
Antalya,5437,1708975,1456390,1411008,DP,8073,0.852200881,0.968839391,0.005721442
Antalya,5437,1708975,1456390,1411008,DSP,13477,0.852200881,0.968839391,0.009551328
Antalya,5437,1708975,1456390,1411008,Bagimsiz,759,0.852200881,0.968839391,0.000537913
Artvin,60,16812,14526,14054,SP,120,0.864025696,0.96750654,0.008538494
Artvin,60,16812,14526,14054,BTP,154,0.864025696,0.96750654,0.010957734
Artvin,60,16812,14526,14054,CHP,7162,0.864025696,0.96750654,0.509605806
Artvin,60,16812,14526,14054,AKP,6077,0.864025696,0.96750654,0.432403586
Artvin,60,16812,14526,14054,DSP,29,0.864025696,0.96750654,0.002063469
Artvin,60,16812,14526,14054,Bagimsiz,512,0.864025696,0.96750654,0.036430909
Aydin,2754,821282,709289,683704,SP,5641,0.863636364,0.963928667,0.008250646
Aydin,2754,821282,709289,683704,BTP,1302,0.863636364,0.963928667,0.001904333
Aydin,2754,821282,709289,683704,TKP,1836,0.863636364,0.963928667,0.002685373
Aydin,2754,821282,709289,683704,VP,2890,0.863636364,0.963928667,0.004226975
Aydin,2754,821282,709289,683704,CHP,368791,0.863636364,0.963928667,0.539401554
Aydin,2754,821282,709289,683704,AKP,299056,0.863636364,0.963928667,0.437405661
Aydin,2754,821282,709289,683704,DSP,4188,0.863636364,0.963928667,0.006125458
Balikesir,3382,942830,817225,785412,SP,7810,0.866778741,0.96107192,0.009943826
Balikesir,3382,942830,817225,785412,BTP,2143,0.866778741,0.96107192,0.002728504
Balikesir,3382,942830,817225,785412,TKP,1381,0.866778741,0.96107192,0.001758313
Balikesir,3382,942830,817225,785412,VP,3709,0.866778741,0.96107192,0.004722362
Balikesir,3382,942830,817225,785412,AKP,375253,0.866778741,0.96107192,0.477778542
Balikesir,3382,942830,817225,785412,DP,12776,0.866778741,0.96107192,0.016266622
Balikesir,3382,942830,817225,785412,IYI,365196,0.866778741,0.96107192,0.464973797
Balikesir,3382,942830,817225,785412,HDP,10195,0.866778741,0.96107192,0.012980448
Balikesir,3382,942830,817225,785412,DSP,5880,0.866778741,0.96107192,0.007486517
Balikesir,3382,942830,817225,785412,Bagimsiz,1069,0.866778741,0.96107192,0.001361069
Bilecik,120,38977,33492,32512,SP,299,0.859275983,0.970739281,0.009196604
Bilecik,120,38977,33492,32512,BTP,49,0.859275983,0.970739281,0.001507136
Bilecik,120,38977,33492,32512,TKP,28,0.859275983,0.970739281,0.00086122
Bilecik,120,38977,33492,32512,VP,111,0.859275983,0.970739281,0.003414124
Bilecik,120,38977,33492,32512,BBP,1633,0.859275983,0.970739281,0.050227608
Bilecik,120,38977,33492,32512,CHP,16464,0.859275983,0.970739281,0.506397638
Bilecik,120,38977,33492,32512,AKP,13662,0.859275983,0.970739281,0.420214075
Bilecik,120,38977,33492,32512,DP,233,0.859275983,0.970739281,0.007166585
Bilecik,120,38977,33492,32512,DSP,33,0.859275983,0.970739281,0.00101501
Bingöl,224,73020,52621,49100,SP,1036,0.720638181,0.933087551,0.021099796
Bingöl,224,73020,52621,49100,BTP,37,0.720638181,0.933087551,0.000753564
Bingöl,224,73020,52621,49100,TKP,57,0.720638181,0.933087551,0.001160896
Bingöl,224,73020,52621,49100,BBP,197,0.720638181,0.933087551,0.00401222
Bingöl,224,73020,52621,49100,CHP,573,0.720638181,0.933087551,0.011670061
Bingöl,224,73020,52621,49100,AKP,18954,0.720638181,0.933087551,0.386028513
Bingöl,224,73020,52621,49100,MHP,13233,0.720638181,0.933087551,0.269511202
Bingöl,224,73020,52621,49100,HDP,14948,0.720638181,0.933087551,0.304439919
Bingöl,224,73020,52621,49100,DSP,65,0.720638181,0.933087551,0.001323829
Bitlis,105,31004,24864,23270,SP,4359,0.801961037,0.935891248,0.187322733
Bitlis,105,31004,24864,23270,BTP,42,0.801961037,0.935891248,0.001804899
Bitlis,105,31004,24864,23270,TKP,48,0.801961037,0.935891248,0.002062742
Bitlis,105,31004,24864,23270,CHP,315,0.801961037,0.935891248,0.013536743
Bitlis,105,31004,24864,23270,AKP,10194,0.801961037,0.935891248,0.438074774
Bitlis,105,31004,24864,23270,DP,155,0.801961037,0.935891248,0.006660937
Bitlis,105,31004,24864,23270,IYI,368,0.801961037,0.935891248,0.015814353
Bitlis,105,31004,24864,23270,HDP,7691,0.801961037,0.935891248,0.330511388
Bitlis,105,31004,24864,23270,DSP,98,0.801961037,0.935891248,0.004211431
Bolu,354,113924,97578,94288,SP,1488,0.856518381,0.966283384,0.015781436
Bolu,354,113924,97578,94288,BTP,151,0.856518381,0.966283384,0.001601476
Bolu,354,113924,97578,94288,TKP,118,0.856518381,0.966283384,0.001251485
Bolu,354,113924,97578,94288,VP,311,0.856518381,0.966283384,0.003298405
Bolu,354,113924,97578,94288,CHP,49697,0.856518381,0.966283384,0.527076616
Bolu,354,113924,97578,94288,AKP,42179,0.856518381,0.966283384,0.447342186
Bolu,354,113924,97578,94288,HDP,212,0.856518381,0.966283384,0.00224843
Bolu,354,113924,97578,94288,DSP,132,0.856518381,0.966283384,0.001399966
Burdur,194,58760,51329,49898,SP,804,0.873536419,0.972121023,0.01611287
Burdur,194,58760,51329,49898,BTP,29,0.873536419,0.972121023,0.000581186
Burdur,194,58760,51329,49898,TKP,64,0.873536419,0.972121023,0.001282617
Burdur,194,58760,51329,49898,VP,259,0.873536419,0.972121023,0.005190589
Burdur,194,58760,51329,49898,CHP,26515,0.873536419,0.972121023,0.531384023
Burdur,194,58760,51329,49898,AKP,21929,0.873536419,0.972121023,0.439476532
Burdur,194,58760,51329,49898,HDP,159,0.873536419,0.972121023,0.0031865
Burdur,194,58760,51329,49898,DSP,139,0.873536419,0.972121023,0.002785683
Bursa,6841,2177764,1869050,1810384,SP,32589,0.858242675,0.968611862,0.018001153
Bursa,6841,2177764,1869050,1810384,BTP,3545,0.858242675,0.968611862,0.001958148
Bursa,6841,2177764,1869050,1810384,TKP,1451,0.858242675,0.968611862,0.000801487
Bursa,6841,2177764,1869050,1810384,VP,4170,0.858242675,0.968611862,0.002303379
Bursa,6841,2177764,1869050,1810384,CHP,851360,0.858242675,0.968611862,0.470264872
Bursa,6841,2177764,1869050,1810384,AKP,898292,0.858242675,0.968611862,0.496188654
Bursa,6841,2177764,1869050,1810384,DP,11746,0.858242675,0.968611862,0.006488126
Bursa,6841,2177764,1869050,1810384,DSP,5976,0.858242675,0.968611862,0.003300957
Bursa,6841,2177764,1869050,1810384,Bagimsiz,1255,0.858242675,0.968611862,0.000693223
Çanakkale,286,93936,77881,76037,SP,582,0.829085761,0.976322852,0.007654168
Çanakkale,286,93936,77881,76037,BTP,220,0.829085761,0.976322852,0.002893328
Çanakkale,286,93936,77881,76037,TKP,262,0.829085761,0.976322852,0.003445691
Çanakkale,286,93936,77881,76037,BBP,446,0.829085761,0.976322852,0.005865565
Çanakkale,286,93936,77881,76037,CHP,46178,0.829085761,0.976322852,0.607309599
Çanakkale,286,93936,77881,76037,AKP,27080,0.829085761,0.976322852,0.356142404
Çanakkale,286,93936,77881,76037,DSP,279,0.829085761,0.976322852,0.003669266
Çanakkale,286,93936,77881,76037,Bagimsiz,990,0.829085761,0.976322852,0.013019977
Çankiri,160,51963,43286,41849,SP,477,0.8330158,0.966802199,0.011398122
Çankiri,160,51963,43286,41849,BTP,33,0.8330158,0.966802199,0.000788549
Çankiri,160,51963,43286,41849,TKP,27,0.8330158,0.966802199,0.000645177
Çankiri,160,51963,43286,41849,VP,35,0.8330158,0.966802199,0.00083634
Çankiri,160,51963,43286,41849,CHP,1968,0.8330158,0.966802199,0.047026213
Çankiri,160,51963,43286,41849,AKP,16001,0.8330158,0.966802199,0.382350833
Çankiri,160,51963,43286,41849,MHP,19665,0.8330158,0.966802199,0.469903701
Çankiri,160,51963,43286,41849,IYI,3579,0.8330158,0.966802199,0.085521757
Çankiri,160,51963,43286,41849,DSP,64,0.8330158,0.966802199,0.001529308
Çorum,542,180368,152048,147564,SP,1724,0.84298767,0.970509313,0.011683066
Çorum,542,180368,152048,147564,BTP,139,0.84298767,0.970509313,0.000941964
Çorum,542,180368,152048,147564,TKP,110,0.84298767,0.970509313,0.000745439
Çorum,542,180368,152048,147564,VP,124,0.84298767,0.970509313,0.000840313
Çorum,542,180368,152048,147564,CHP,54196,0.84298767,0.970509313,0.36727115
Çorum,542,180368,152048,147564,AKP,63866,0.84298767,0.970509313,0.432802038
Çorum,542,180368,152048,147564,MHP,24141,0.84298767,0.970509313,0.163596812
Çorum,542,180368,152048,147564,IYI,2797,0.84298767,0.970509313,0.018954488
Çorum,542,180368,152048,147564,DSP,69,0.84298767,0.970509313,0.000467594
Çorum,542,180368,152048,147564,Bagimsiz,398,0.84298767,0.970509313,0.002697135
Denizli,2514,755160,665945,636308,SP,4955,0.881859473,0.955496325,0.007787109
Denizli,2514,755160,665945,636308,BTP,1768,0.881859473,0.955496325,0.002778529
Denizli,2514,755160,665945,636308,TKP,1015,0.881859473,0.955496325,0.001595139
Denizli,2514,755160,665945,636308,VP,2637,0.881859473,0.955496325,0.004144219
Denizli,2514,755160,665945,636308,AKP,321726,0.881859473,0.955496325,0.505613634
Denizli,2514,755160,665945,636308,DP,7224,0.881859473,0.955496325,0.011352993
Denizli,2514,755160,665945,636308,IYI,279412,0.881859473,0.955496325,0.439114391
Denizli,2514,755160,665945,636308,HDP,8853,0.881859473,0.955496325,0.013913074
Denizli,2514,755160,665945,636308,DSP,4372,0.881859473,0.955496325,0.006870886
Denizli,2514,755160,665945,636308,Bagimsiz,502,0.881859473,0.955496325,0.000788926
Denizli,2514,755160,665945,636308,Bagimsiz,3844,0.881859473,0.955496325,0.0060411
Diyarbakir,3643,1049462,824904,779593,SP,15789,0.786025602,0.945071184,0.020252876
Diyarbakir,3643,1049462,824904,779593,BTP,1425,0.786025602,0.945071184,0.001827877
Diyarbakir,3643,1049462,824904,779593,TKP,909,0.786025602,0.945071184,0.001165993
Diyarbakir,3643,1049462,824904,779593,VP,521,0.786025602,0.945071184,0.000668297
Diyarbakir,3643,1049462,824904,779593,CHP,14270,0.786025602,0.945071184,0.018304423
Diyarbakir,3643,1049462,824904,779593,AKP,241633,0.786025602,0.945071184,0.309947627
Diyarbakir,3643,1049462,824904,779593,HDP,490571,0.786025602,0.945071184,0.629265527
Diyarbakir,3643,1049462,824904,779593,DSP,4378,0.786025602,0.945071184,0.005615751
Diyarbakir,3643,1049462,824904,779593,Bagimsiz,586,0.786025602,0.945071184,0.000751674
Diyarbakir,3643,1049462,824904,779593,Bagimsiz,6265,0.786025602,0.945071184,0.008036245
Diyarbakir,3643,1049462,824904,779593,Bagimsiz,1173,0.786025602,0.945071184,0.001504631
Diyarbakir,3643,1049462,824904,779593,Bagimsiz,1703,0.786025602,0.945071184,0.002184473
Diyarbakir,3643,1049462,824904,779593,Bagimsiz,370,0.786025602,0.945071184,0.000474607
Edirne,356,118952,97252,94471,SP,2605,0.817573475,0.971404187,0.0275746
Edirne,356,118952,97252,94471,BTP,7342,0.817573475,0.971404187,0.077716971
Edirne,356,118952,97252,94471,TKP,379,0.817573475,0.971404187,0.004011813
Edirne,356,118952,97252,94471,VP,220,0.817573475,0.971404187,0.002328757
Edirne,356,118952,97252,94471,BBP,759,0.817573475,0.971404187,0.008034212
Edirne,356,118952,97252,94471,CHP,42388,0.817573475,0.971404187,0.448687957
Edirne,356,118952,97252,94471,AKP,38555,0.817573475,0.971404187,0.40811466
Edirne,356,118952,97252,94471,DP,655,0.817573475,0.971404187,0.006933345
Edirne,356,118952,97252,94471,HDP,1158,0.817573475,0.971404187,0.01225773
Edirne,356,118952,97252,94471,DSP,410,0.817573475,0.971404187,0.004339956
Elazig,739,241886,189095,180563,SP,8630,0.781752561,0.954879822,0.047794952
Elazig,739,241886,189095,180563,BTP,207,0.781752561,0.954879822,0.001146414
Elazig,739,241886,189095,180563,TKP,206,0.781752561,0.954879822,0.001140876
Elazig,739,241886,189095,180563,VP,326,0.781752561,0.954879822,0.001805464
Elazig,739,241886,189095,180563,AKP,72908,0.781752561,0.954879822,0.403781506
Elazig,739,241886,189095,180563,MHP,62216,0.781752561,0.954879822,0.344566716
Elazig,739,241886,189095,180563,IYI,30880,0.781752561,0.954879822,0.171020641
Elazig,739,241886,189095,180563,HDP,5023,0.781752561,0.954879822,0.027818545
Elazig,739,241886,189095,180563,DSP,167,0.781752561,0.954879822,0.000924885
Erzincan,295,90566,77843,75626,SP,739,0.859516816,0.971519597,0.009771772
Erzincan,295,90566,77843,75626,BTP,38,0.859516816,0.971519597,0.000502473
Erzincan,295,90566,77843,75626,TKP,52,0.859516816,0.971519597,0.000687594
Erzincan,295,90566,77843,75626,VP,27,0.859516816,0.971519597,0.00035702
Erzincan,295,90566,77843,75626,BBP,276,0.859516816,0.971519597,0.003649539
Erzincan,295,90566,77843,75626,CHP,17457,0.859516816,0.971519597,0.230833311
Erzincan,295,90566,77843,75626,AKP,24959,0.859516816,0.971519597,0.330032
Erzincan,295,90566,77843,75626,MHP,32036,0.859516816,0.971519597,0.423610927
Erzincan,295,90566,77843,75626,DSP,42,0.859516816,0.971519597,0.000555365
Erzurum,2284,498556,405591,384917,SP,8668,0.813531479,0.949027469,0.02251914
Erzurum,2284,498556,405591,384917,BTP,1902,0.813531479,0.949027469,0.004941325
Erzurum,2284,498556,405591,384917,TKP,629,0.813531479,0.949027469,0.001634119
Erzurum,2284,498556,405591,384917,VP,620,0.813531479,0.949027469,0.001610737
Erzurum,2284,498556,405591,384917,CHP,9378,0.813531479,0.949027469,0.024363694
Erzurum,2284,498556,405591,384917,AKP,241742,0.813531479,0.949027469,0.628036694
Erzurum,2284,498556,405591,384917,IYI,97945,0.813531479,0.949027469,0.254457454
Erzurum,2284,498556,405591,384917,HDP,23167,0.813531479,0.949027469,0.060187001
Erzurum,2284,498556,405591,384917,DSP,866,0.813531479,0.949027469,0.002249836
Eskisehir,2227,651738,560763,546265,SP,6579,0.860411699,0.97414594,0.012043605
Eskisehir,2227,651738,560763,546265,BTP,872,0.860411699,0.97414594,0.001596295
Eskisehir,2227,651738,560763,546265,TKP,602,0.860411699,0.97414594,0.001102029
Eskisehir,2227,651738,560763,546265,VP,1162,0.860411699,0.97414594,0.002127173
Eskisehir,2227,651738,560763,546265,CHP,285687,0.860411699,0.97414594,0.522982435
Eskisehir,2227,651738,560763,546265,AKP,246579,0.860411699,0.97414594,0.451390808
Eskisehir,2227,651738,560763,546265,DSP,4296,0.860411699,0.97414594,0.007864315
Eskisehir,2227,651738,560763,546265,Bagimsiz,488,0.860411699,0.97414594,0.000893339
Gaziantep,3981,1228873,966659,916947,SP,17351,0.786622377,0.948573385,0.018922577
Gaziantep,3981,1228873,966659,916947,BTP,4128,0.786622377,0.948573385,0.004501896
Gaziantep,3981,1228873,966659,916947,TKP,2347,0.786622377,0.948573385,0.002559581
Gaziantep,3981,1228873,966659,916947,VP,3177,0.786622377,0.948573385,0.003464759
Gaziantep,3981,1228873,966659,916947,AKP,494905,0.786622377,0.948573385,0.539731304
Gaziantep,3981,1228873,966659,916947,IYI,150747,0.786622377,0.948573385,0.164400996
Gaziantep,3981,1228873,966659,916947,DSP,240274,0.786622377,0.948573385,0.262036955
Gaziantep,3981,1228873,966659,916947,Bagimsiz,974,0.786622377,0.948573385,0.001062221
Gaziantep,3981,1228873,966659,916947,Bagimsiz,2115,0.786622377,0.948573385,0.002306567
Gaziantep,3981,1228873,966659,916947,Bagimsiz,929,0.786622377,0.948573385,0.001013145
Giresun,236,77173,64001,62052,SP,1232,0.829318544,0.969547351,0.019854316
Giresun,236,77173,64001,62052,BTP,147,0.829318544,0.969547351,0.002368981
Giresun,236,77173,64001,62052,TKP,221,0.829318544,0.969547351,0.003561529
Giresun,236,77173,64001,62052,CHP,30026,0.829318544,0.969547351,0.483884484
Giresun,236,77173,64001,62052,AKP,30306,0.829318544,0.969547351,0.488396828
Giresun,236,77173,64001,62052,DSP,120,0.829318544,0.969547351,0.001933862
Gümüshane,85,23948,19385,18677,SP,250,0.809462168,0.963476915,0.013385447
Gümüshane,85,23948,19385,18677,BTP,29,0.809462168,0.963476915,0.001552712
Gümüshane,85,23948,19385,18677,TKP,25,0.809462168,0.963476915,0.001338545
Gümüshane,85,23948,19385,18677,CHP,1410,0.809462168,0.963476915,0.075493923
Gümüshane,85,23948,19385,18677,AKP,9182,0.809462168,0.963476915,0.49162071
Gümüshane,85,23948,19385,18677,MHP,5606,0.809462168,0.963476915,0.300155271
Gümüshane,85,23948,19385,18677,IYI,2142,0.809462168,0.963476915,0.114686513
Gümüshane,85,23948,19385,18677,DSP,33,0.809462168,0.963476915,0.001766879
Hakkari,122,40237,33232,32015,SP,143,0.825906504,0.963378671,0.004466656
Hakkari,122,40237,33232,32015,BTP,66,0.825906504,0.963378671,0.002061534
Hakkari,122,40237,33232,32015,TKP,36,0.825906504,0.963378671,0.001124473
Hakkari,122,40237,33232,32015,CHP,818,0.825906504,0.963378671,0.025550523
Hakkari,122,40237,33232,32015,AKP,10644,0.825906504,0.963378671,0.332469155
Hakkari,122,40237,33232,32015,IYI,486,0.825906504,0.963378671,0.015180384
Hakkari,122,40237,33232,32015,HDP,19199,0.825906504,0.963378671,0.599687646
Hakkari,122,40237,33232,32015,DSP,119,0.825906504,0.963378671,0.003717008
Hakkari,122,40237,33232,32015,Bagimsiz,504,0.825906504,0.963378671,0.015742621
Hatay,3421,1068544,913730,888852,SP,7547,0.855116869,0.972773139,0.008490727
Hatay,3421,1068544,913730,888852,BTP,1140,0.855116869,0.972773139,0.001282553
Hatay,3421,1068544,913730,888852,TKP,818,0.855116869,0.972773139,0.000920288
Hatay,3421,1068544,913730,888852,VP,1828,0.855116869,0.972773139,0.002056585
Hatay,3421,1068544,913730,888852,CHP,490269,0.855116869,0.972773139,0.551575515
Hatay,3421,1068544,913730,888852,AKP,380495,0.855116869,0.972773139,0.42807464
Hatay,3421,1068544,913730,888852,DSP,6331,0.855116869,0.972773139,0.007122671
Hatay,3421,1068544,913730,888852,Bagimsiz,424,0.855116869,0.972773139,0.00047702
Isparta,498,164209,136173,132489,SP,1177,0.829266362,0.972946179,0.008883756
Isparta,498,164209,136173,132489,BTP,200,0.829266362,0.972946179,0.001509559
Isparta,498,164209,136173,132489,TKP,181,0.829266362,0.972946179,0.001366151
Isparta,498,164209,136173,132489,VP,97,0.829266362,0.972946179,0.000732136
Isparta,498,164209,136173,132489,BBP,356,0.829266362,0.972946179,0.002687016
Isparta,498,164209,136173,132489,AKP,50394,0.829266362,0.972946179,0.380363653
Isparta,498,164209,136173,132489,DP,473,0.829266362,0.972946179,0.003570108
Isparta,498,164209,136173,132489,MHP,40801,0.829266362,0.972946179,0.307957642
Isparta,498,164209,136173,132489,IYI,38003,0.829266362,0.972946179,0.286838907
Isparta,498,164209,136173,132489,DSP,177,0.829266362,0.972946179,0.00133596
Isparta,498,164209,136173,132489,Bagimsiz,70,0.829266362,0.972946179,0.000528346
Isparta,498,164209,136173,132489,Bagimsiz,560,0.829266362,0.972946179,0.004226766
Mersin,4155,1282874,1094234,1057893,SP,7202,0.852955162,0.966788639,0.006807872
Mersin,4155,1282874,1094234,1057893,BTP,1939,0.852955162,0.966788639,0.001832889
Mersin,4155,1282874,1094234,1057893,TKP,2187,0.852955162,0.966788639,0.002067317
Mersin,4155,1282874,1094234,1057893,VP,3998,0.852955162,0.966788639,0.00377921
Mersin,4155,1282874,1094234,1057893,CHP,477015,0.852955162,0.966788639,0.450910442
Mersin,4155,1282874,1094234,1057893,DP,127167,0.852955162,0.966788639,0.120207809
Mersin,4155,1282874,1094234,1057893,MHP,433666,0.852955162,0.966788639,0.409933708
Mersin,4155,1282874,1094234,1057893,DSP,4719,0.852955162,0.966788639,0.004460754
Istanbul,31186,10570939,8866614,8547074,SP,103300,0.838772601,0.96396144,0.012086007
Istanbul,31186,10570939,8866614,8547074,BTP,27238,0.838772601,0.96396144,0.003186822
Istanbul,31186,10570939,8866614,8547074,TKP,10492,0.838772601,0.96396144,0.001227555
Istanbul,31186,10570939,8866614,8547074,VP,17377,0.838772601,0.96396144,0.002033093
Istanbul,31186,10570939,8866614,8547074,CHP,4171118,0.838772601,0.96396144,0.488017069
Istanbul,31186,10570939,8866614,8547074,AKP,4149656,0.838772601,0.96396144,0.485506034
Istanbul,31186,10570939,8866614,8547074,DP,22544,0.838772601,0.96396144,0.002637628
Istanbul,31186,10570939,8866614,8547074,DSP,30817,0.838772601,0.96396144,0.003605561
Istanbul,31186,10570939,8866614,8547074,Bagimsiz,2437,0.838772601,0.96396144,0.000285127
Istanbul,31186,10570939,8866614,8547074,Bagimsiz,331,0.838772601,0.96396144,3.87267E-05
Istanbul,31186,10570939,8866614,8547074,Bagimsiz,550,0.838772601,0.96396144,6.43495E-05
Istanbul,31186,10570939,8866614,8547074,Bagimsiz,526,0.838772601,0.96396144,6.15415E-05
Istanbul,31186,10570939,8866614,8547074,Bagimsiz,525,0.838772601,0.96396144,6.14245E-05
Istanbul,31186,10570939,8866614,8547074,Bagimsiz,578,0.838772601,0.96396144,6.76255E-05
Istanbul,31186,10570939,8866614,8547074,Bagimsiz,661,0.838772601,0.96396144,7.73364E-05
Istanbul,31186,10570939,8866614,8547074,Bagimsiz,444,0.838772601,0.96396144,5.19476E-05
Istanbul,31186,10570939,8866614,8547074,Bagimsiz,286,0.838772601,0.96396144,3.34617E-05
Istanbul,31186,10570939,8866614,8547074,Bagimsiz,256,0.838772601,0.96396144,2.99518E-05
Istanbul,31186,10570939,8866614,8547074,Bagimsiz,905,0.838772601,0.96396144,0.000105884
Istanbul,31186,10570939,8866614,8547074,Bagimsiz,206,0.838772601,0.96396144,2.41018E-05
Istanbul,31186,10570939,8866614,8547074,Bagimsiz,329,0.838772601,0.96396144,3.84927E-05
Istanbul,31186,10570939,8866614,8547074,Bagimsiz,332,0.838772601,0.96396144,3.88437E-05
Istanbul,31186,10570939,8866614,8547074,Bagimsiz,418,0.838772601,0.96396144,4.89056E-05
Istanbul,31186,10570939,8866614,8547074,Bagimsiz,303,0.838772601,0.96396144,3.54507E-05
Istanbul,31186,10570939,8866614,8547074,Bagimsiz,270,0.838772601,0.96396144,3.15898E-05
Istanbul,31186,10570939,8866614,8547074,Bagimsiz,2005,0.838772601,0.96396144,0.000234583
Istanbul,31186,10570939,8866614,8547074,Bagimsiz,1520,0.838772601,0.96396144,0.000177839
Istanbul,31186,10570939,8866614,8547074,Bagimsiz,393,0.838772601,0.96396144,4.59806E-05
Istanbul,31186,10570939,8866614,8547074,Bagimsiz,287,0.838772601,0.96396144,3.35787E-05
Istanbul,31186,10570939,8866614,8547074,Bagimsiz,190,0.838772601,0.96396144,2.22298E-05
Istanbul,31186,10570939,8866614,8547074,Bagimsiz,452,0.838772601,0.96396144,5.28836E-05
Istanbul,31186,10570939,8866614,8547074,Bagimsiz,328,0.838772601,0.96396144,3.83757E-05
Izmir,10161,3253745,2740742,2667214,SP,30179,0.842334602,0.973172229,0.011314803
Izmir,10161,3253745,2740742,2667214,BTP,3958,0.842334602,0.973172229,0.001483945
Izmir,10161,3253745,2740742,2667214,TKP,8061,0.842334602,0.973172229,0.003022255
Izmir,10161,3253745,2740742,2667214,VP,8535,0.842334602,0.973172229,0.003199968
Izmir,10161,3253745,2740742,2667214,CHP,1549693,0.842334602,0.973172229,0.581015622
Izmir,10161,3253745,2740742,2667214,AKP,1032020,0.842334602,0.973172229,0.386928083
Izmir,10161,3253745,2740742,2667214,DP,11369,0.842334602,0.973172229,0.0042625
Izmir,10161,3253745,2740742,2667214,DSP,20528,0.842334602,0.973172229,0.00769642
Izmir,10161,3253745,2740742,2667214,Bagimsiz,951,0.842334602,0.973172229,0.000356552
Izmir,10161,3253745,2740742,2667214,Bagimsiz,412,0.842334602,0.973172229,0.000154468
Izmir,10161,3253745,2740742,2667214,Bagimsiz,646,0.842334602,0.973172229,0.0002422
Izmir,10161,3253745,2740742,2667214,Bagimsiz,862,0.842334602,0.973172229,0.000323184
Kars,167,52856,42796,41224,SP,221,0.80967156,0.963267595,0.005360955
Kars,167,52856,42796,41224,BTP,37,0.80967156,0.963267595,0.000897535
Kars,167,52856,42796,41224,TKP,38,0.80967156,0.963267595,0.000921793
Kars,167,52856,42796,41224,VP,121,0.80967156,0.963267595,0.002935183
Kars,167,52856,42796,41224,CHP,9128,0.80967156,0.963267595,0.221424413
Kars,167,52856,42796,41224,MHP,10954,0.80967156,0.963267595,0.265718999
Kars,167,52856,42796,41224,IYI,920,0.80967156,0.963267595,0.022317097
Kars,167,52856,42796,41224,HDP,12192,0.80967156,0.963267595,0.295750049
Kars,167,52856,42796,41224,DSP,7613,0.80967156,0.963267595,0.184673976
Kastamonu,240,77518,64279,61802,SP,411,0.82921386,0.961464864,0.00665027
Kastamonu,240,77518,64279,61802,BTP,87,0.82921386,0.961464864,0.001407721
Kastamonu,240,77518,64279,61802,TKP,74,0.82921386,0.961464864,0.001197372
Kastamonu,240,77518,64279,61802,CHP,11226,0.82921386,0.961464864,0.181644607
Kastamonu,240,77518,64279,61802,AKP,19091,0.82921386,0.961464864,0.308905861
Kastamonu,240,77518,64279,61802,DP,180,0.82921386,0.961464864,0.002912527
Kastamonu,240,77518,64279,61802,MHP,30621,0.82921386,0.961464864,0.495469402
Kastamonu,240,77518,64279,61802,DSP,112,0.82921386,0.961464864,0.001812239
Kayseri,3191,957078,820938,789750,SP,21688,0.85775454,0.962009311,0.027461855
Kayseri,3191,957078,820938,789750,BTP,4031,0.85775454,0.962009311,0.005104147
Kayseri,3191,957078,820938,789750,TKP,1361,0.85775454,0.962009311,0.00172333
Kayseri,3191,957078,820938,789750,VP,2380,0.85775454,0.962009311,0.003013612
Kayseri,3191,957078,820938,789750,AKP,500621,0.85775454,0.962009311,0.633898069
Kayseri,3191,957078,820938,789750,IYI,248947,0.85775454,0.962009311,0.315222539
Kayseri,3191,957078,820938,789750,HDP,4542,0.85775454,0.962009311,0.005751187
Kayseri,3191,957078,820938,789750,DSP,3218,0.85775454,0.962009311,0.004074707
Kayseri,3191,957078,820938,789750,Bagimsiz,1820,0.85775454,0.962009311,0.002304527
Kayseri,3191,957078,820938,789750,Bagimsiz,1142,0.85775454,0.962009311,0.001446027
Kirklareli,170,55870,47582,45825,SP,403,0.851655629,0.963074272,0.008794326
Kirklareli,170,55870,47582,45825,BTP,1243,0.851655629,0.963074272,0.027124932
Kirklareli,170,55870,47582,45825,TKP,83,0.851655629,0.963074272,0.001811238
Kirklareli,170,55870,47582,45825,VP,138,0.851655629,0.963074272,0.003011457
Kirklareli,170,55870,47582,45825,CHP,9674,0.851655629,0.963074272,0.211107474
Kirklareli,170,55870,47582,45825,MHP,16928,0.851655629,0.963074272,0.369405346
Kirklareli,170,55870,47582,45825,DSP,180,0.851655629,0.963074272,0.003927987
Kirklareli,170,55870,47582,45825,Bagimsiz,17176,0.851655629,0.963074272,0.374817239
Kirsehir,269,88025,73565,71513,SP,484,0.835728486,0.972106301,0.006768
Kirsehir,269,88025,73565,71513,BTP,30,0.835728486,0.972106301,0.000419504
Kirsehir,269,88025,73565,71513,TKP,57,0.835728486,0.972106301,0.000797058
Kirsehir,269,88025,73565,71513,VP,80,0.835728486,0.972106301,0.001118678
Kirsehir,269,88025,73565,71513,CHP,32028,0.835728486,0.972106301,0.447862626
Kirsehir,269,88025,73565,71513,AKP,27652,0.835728486,0.972106301,0.386670955
Kirsehir,269,88025,73565,71513,MHP,11137,0.835728486,0.972106301,0.155733923
Kirsehir,269,88025,73565,71513,DSP,45,0.835728486,0.972106301,0.000629256
Kocaeli,4196,1350376,1151218,1098317,SP,54640,0.852516632,0.9540478,0.049748843
Kocaeli,4196,1350376,1151218,1098317,BTP,4692,0.852516632,0.9540478,0.004271991
Kocaeli,4196,1350376,1151218,1098317,TKP,3470,0.852516632,0.9540478,0.003159379
Kocaeli,4196,1350376,1151218,1098317,VP,2983,0.852516632,0.9540478,0.002715974
Kocaeli,4196,1350376,1151218,1098317,AKP,610350,0.852516632,0.9540478,0.555713879
Kocaeli,4196,1350376,1151218,1098317,DP,6212,0.852516632,0.9540478,0.005655926
Kocaeli,4196,1350376,1151218,1098317,IYI,359010,0.852516632,0.9540478,0.326872843
Kocaeli,4196,1350376,1151218,1098317,HDP,41851,0.852516632,0.9540478,0.038104664
Kocaeli,4196,1350376,1151218,1098317,DSP,10875,0.852516632,0.9540478,0.009901513
Kocaeli,4196,1350376,1151218,1098317,Bagimsiz,3135,0.852516632,0.9540478,0.002854367
Kocaeli,4196,1350376,1151218,1098317,Bagimsiz,1099,0.852516632,0.9540478,0.001000622
Konya,5044,1522655,1285194,1218037,SP,50099,0.844048061,0.947745632,0.041130934
Konya,5044,1522655,1285194,1218037,BTP,8623,0.844048061,0.947745632,0.007079424
Konya,5044,1522655,1285194,1218037,TKP,3690,0.844048061,0.947745632,0.003029465
Konya,5044,1522655,1285194,1218037,VP,3423,0.844048061,0.947745632,0.002810259
Konya,5044,1522655,1285194,1218037,AKP,859115,0.844048061,0.947745632,0.705327506
Konya,5044,1522655,1285194,1218037,DP,5647,0.844048061,0.947745632,0.004636148
Konya,5044,1522655,1285194,1218037,IYI,245997,0.844048061,0.947745632,0.201961845
Konya,5044,1522655,1285194,1218037,HDP,26589,0.844048061,0.947745632,0.021829386
Konya,5044,1522655,1285194,1218037,DSP,6486,0.844048061,0.947745632,0.005324961
Konya,5044,1522655,1285194,1218037,Bagimsiz,4655,0.844048061,0.947745632,0.003821723
Konya,5044,1522655,1285194,1218037,Bagimsiz,1886,0.844048061,0.947745632,0.001548393
Konya,5044,1522655,1285194,1218037,Bagimsiz,1827,0.844048061,0.947745632,0.001499954
Kütahya,509,164087,142109,138025,SP,1874,0.866058859,0.971261496,0.01357725
Kütahya,509,164087,142109,138025,BTP,110,0.866058859,0.971261496,0.000796957
Kütahya,509,164087,142109,138025,TKP,92,0.866058859,0.971261496,0.000666546
Kütahya,509,164087,142109,138025,CHP,35357,0.866058859,0.971261496,0.256163738
Kütahya,509,164087,142109,138025,AKP,44513,0.866058859,0.971261496,0.322499547
Kütahya,509,164087,142109,138025,DP,541,0.866058859,0.971261496,0.00391958
Kütahya,509,164087,142109,138025,MHP,53393,0.866058859,0.971261496,0.386835718
Kütahya,509,164087,142109,138025,IYI,2009,0.866058859,0.971261496,0.014555334
Kütahya,509,164087,142109,138025,DSP,136,0.866058859,0.971261496,0.000985329
Malatya,2089,562216,464819,446292,SP,23682,0.826762312,0.960141474,0.053063913
Malatya,2089,562216,464819,446292,BTP,1508,0.826762312,0.960141474,0.003378954
Malatya,2089,562216,464819,446292,TKP,626,0.826762312,0.960141474,0.001402669
Malatya,2089,562216,464819,446292,VP,618,0.826762312,0.960141474,0.001384744
Malatya,2089,562216,464819,446292,CHP,103690,0.826762312,0.960141474,0.232336676
Malatya,2089,562216,464819,446292,AKP,305588,0.826762312,0.960141474,0.684726592
Malatya,2089,562216,464819,446292,DP,1651,0.826762312,0.960141474,0.003699372
Malatya,2089,562216,464819,446292,HDP,6555,0.826762312,0.960141474,0.014687693
Malatya,2089,562216,464819,446292,DSP,1345,0.826762312,0.960141474,0.003013722
Malatya,2089,562216,464819,446292,Bagimsiz,1029,0.826762312,0.960141474,0.002305665
Manisa,3674,1054034,933160,873021,SP,10098,0.885322485,0.935553388,0.011566732
Manisa,3674,1054034,933160,873021,BTP,4290,0.885322485,0.935553388,0.004913971
Manisa,3674,1054034,933160,873021,TKP,2890,0.885322485,0.935553388,0.003310344
Manisa,3674,1054034,933160,873021,VP,3858,0.885322485,0.935553388,0.004419138
Manisa,3674,1054034,933160,873021,DP,12119,0.885322485,0.935553388,0.013881682
Manisa,3674,1054034,933160,873021,MHP,460692,0.885322485,0.935553388,0.527698646
Manisa,3674,1054034,933160,873021,IYI,332210,0.885322485,0.935553388,0.38052922
Manisa,3674,1054034,933160,873021,HDP,37915,0.885322485,0.935553388,0.043429654
Manisa,3674,1054034,933160,873021,DSP,6625,0.885322485,0.935553388,0.007588592
Manisa,3674,1054034,933160,873021,Bagimsiz,2324,0.885322485,0.935553388,0.002662021
Kahramanmaras,2596,755248,656611,624585,SP,13145,0.869397867,0.951225307,0.021045975
Kahramanmaras,2596,755248,656611,624585,BTP,5412,0.869397867,0.951225307,0.008664954
Kahramanmaras,2596,755248,656611,624585,TKP,888,0.869397867,0.951225307,0.001421744
Kahramanmaras,2596,755248,656611,624585,VP,1857,0.869397867,0.951225307,0.002973174
Kahramanmaras,2596,755248,656611,624585,CHP,170407,0.869397867,0.951225307,0.272832361
Kahramanmaras,2596,755248,656611,624585,AKP,422222,0.869397867,0.951225307,0.676004067
Kahramanmaras,2596,755248,656611,624585,DSP,7628,0.869397867,0.951225307,0.012212909
Kahramanmaras,2596,755248,656611,624585,Bagimsiz,1746,0.869397867,0.951225307,0.002795456
Kahramanmaras,2596,755248,656611,624585,Bagimsiz,1280,0.869397867,0.951225307,0.002049361
Mardin,1837,484657,390707,371334,SP,4258,0.806151567,0.950415529,0.011466766
Mardin,1837,484657,390707,371334,BTP,615,0.806151567,0.950415529,0.001656191
Mardin,1837,484657,390707,371334,TKP,399,0.806151567,0.950415529,0.001074504
Mardin,1837,484657,390707,371334,VP,154,0.806151567,0.950415529,0.000414721
Mardin,1837,484657,390707,371334,CHP,6781,0.806151567,0.950415529,0.018261188
Mardin,1837,484657,390707,371334,AKP,143060,0.806151567,0.950415529,0.385259631
Mardin,1837,484657,390707,371334,DP,1102,0.806151567,0.950415529,0.002967679
Mardin,1837,484657,390707,371334,IYI,4078,0.806151567,0.950415529,0.010982027
Mardin,1837,484657,390707,371334,HDP,208854,0.806151567,0.950415529,0.562442437
Mardin,1837,484657,390707,371334,DSP,760,0.806151567,0.950415529,0.002046675
Mardin,1837,484657,390707,371334,Bagimsiz,456,0.806151567,0.950415529,0.001228005
Mardin,1837,484657,390707,371334,Bagimsiz,817,0.806151567,0.950415529,0.002200176
Mugla,2389,726497,627276,603862,SP,3335,0.863425451,0.962673528,0.005522785
Mugla,2389,726497,627276,603862,BTP,18753,0.863425451,0.962673528,0.031055109
Mugla,2389,726497,627276,603862,TKP,1406,0.863425451,0.962673528,0.002328347
Mugla,2389,726497,627276,603862,VP,2100,0.863425451,0.962673528,0.003477616
Mugla,2389,726497,627276,603862,CHP,217476,0.863425451,0.962673528,0.360141887
Mugla,2389,726497,627276,603862,AKP,171621,0.863425451,0.962673528,0.284205663
Mugla,2389,726497,627276,603862,DP,22978,0.863425451,0.962673528,0.03805174
Mugla,2389,726497,627276,603862,DSP,5148,0.863425451,0.962673528,0.008525127
Mugla,2389,726497,627276,603862,Bagimsiz,2621,0.863425451,0.962673528,0.004340396
Mugla,2389,726497,627276,603862,Bagimsiz,158424,0.863425451,0.962673528,0.262351332
Mus,192,62279,48245,45796,SP,486,0.774659195,0.949238263,0.010612281
Mus,192,62279,48245,45796,BTP,658,0.774659195,0.949238263,0.014368067
Mus,192,62279,48245,45796,TKP,39,0.774659195,0.949238263,0.000851603
Mus,192,62279,48245,45796,VP,60,0.774659195,0.949238263,0.001310158
Mus,192,62279,48245,45796,CHP,386,0.774659195,0.949238263,0.008428684
Mus,192,62279,48245,45796,AKP,15919,0.774659195,0.949238263,0.347606778
Mus,192,62279,48245,45796,HDP,15381,0.774659195,0.949238263,0.335859027
Mus,192,62279,48245,45796,DSP,166,0.774659195,0.949238263,0.003624771
Mus,192,62279,48245,45796,Bagimsiz,464,0.774659195,0.949238263,0.010131889
Mus,192,62279,48245,45796,Bagimsiz,12237,0.774659195,0.949238263,0.267206743
Nevsehir,217,70906,60003,58212,SP,1216,0.846233041,0.970151492,0.020889164
Nevsehir,217,70906,60003,58212,BTP,45,0.846233041,0.970151492,0.000773036
Nevsehir,217,70906,60003,58212,TKP,81,0.846233041,0.970151492,0.001391466
Nevsehir,217,70906,60003,58212,BBP,771,0.846233041,0.970151492,0.013244692
Nevsehir,217,70906,60003,58212,AKP,30024,0.846233041,0.970151492,0.515769944
Nevsehir,217,70906,60003,58212,MHP,19983,0.846233041,0.970151492,0.343279736
Nevsehir,217,70906,60003,58212,IYI,5980,0.846233041,0.970151492,0.10272796
Nevsehir,217,70906,60003,58212,DSP,112,0.846233041,0.970151492,0.001924002
Nigde,287,93626,77582,75490,SP,857,0.828637344,0.973034982,0.011352497
Nigde,287,93626,77582,75490,BTP,56,0.828637344,0.973034982,0.00074182
Nigde,287,93626,77582,75490,TKP,51,0.828637344,0.973034982,0.000675586
Nigde,287,93626,77582,75490,VP,97,0.828637344,0.973034982,0.001284938
Nigde,287,93626,77582,75490,CHP,11029,0.828637344,0.973034982,0.146098821
Nigde,287,93626,77582,75490,AKP,28032,0.828637344,0.973034982,0.371333952
Nigde,287,93626,77582,75490,MHP,14019,0.828637344,0.973034982,0.185706716
Nigde,287,93626,77582,75490,IYI,21226,0.828637344,0.973034982,0.281176315
Nigde,287,93626,77582,75490,DSP,56,0.828637344,0.973034982,0.00074182
Nigde,287,93626,77582,75490,Bagimsiz,67,0.828637344,0.973034982,0.000887535
Ordu,2174,581656,497753,474901,SP,124117,0.855751509,0.954089679,0.261353419
Ordu,2174,581656,497753,474901,BTP,1473,0.855751509,0.954089679,0.003101699
Ordu,2174,581656,497753,474901,TKP,902,0.855751509,0.954089679,0.001899343
Ordu,2174,581656,497753,474901,VP,1037,0.855751509,0.954089679,0.002183613
Ordu,2174,581656,497753,474901,CHP,73481,0.855751509,0.954089679,0.154729091
Ordu,2174,581656,497753,474901,AKP,270360,0.855751509,0.954089679,0.569297601
Ordu,2174,581656,497753,474901,DP,1336,0.855751509,0.954089679,0.002813218
Ordu,2174,581656,497753,474901,DSP,1788,0.855751509,0.954089679,0.003764995
Ordu,2174,581656,497753,474901,Bagimsiz,407,0.855751509,0.954089679,0.000857021
Rize,216,67952,52109,48997,SP,2715,0.76685013,0.94027903,0.055411556
Rize,216,67952,52109,48997,BTP,184,0.76685013,0.94027903,0.003755332
Rize,216,67952,52109,48997,TKP,155,0.76685013,0.94027903,0.003163459
Rize,216,67952,52109,48997,VP,136,0.76685013,0.94027903,0.00277568
Rize,216,67952,52109,48997,CHP,6536,0.76685013,0.94027903,0.133395922
Rize,216,67952,52109,48997,AKP,35761,0.76685013,0.94027903,0.729861012
Rize,216,67952,52109,48997,IYI,3314,0.76685013,0.94027903,0.067636794
Rize,216,67952,52109,48997,DSP,196,0.76685013,0.94027903,0.004000245
Sakarya,2431,717495,621122,594535,SP,23108,0.865681294,0.957195205,0.03886735
Sakarya,2431,717495,621122,594535,BTP,4245,0.865681294,0.957195205,0.007140034
Sakarya,2431,717495,621122,594535,TKP,1137,0.865681294,0.957195205,0.001912419
Sakarya,2431,717495,621122,594535,VP,1392,0.865681294,0.957195205,0.002341326
Sakarya,2431,717495,621122,594535,AKP,386700,0.865681294,0.957195205,0.650424281
Sakarya,2431,717495,621122,594535,DP,3346,0.865681294,0.957195205,0.005627928
Sakarya,2431,717495,621122,594535,IYI,164246,0.865681294,0.957195205,0.276259598
Sakarya,2431,717495,621122,594535,HDP,6147,0.865681294,0.957195205,0.010339173
Sakarya,2431,717495,621122,594535,DSP,2621,0.865681294,0.957195205,0.004408487
Sakarya,2431,717495,621122,594535,Bagimsiz,655,0.865681294,0.957195205,0.001101701
Sakarya,2431,717495,621122,594535,Bagimsiz,727,0.865681294,0.957195205,0.001222804
Sakarya,2431,717495,621122,594535,Bagimsiz,211,0.865681294,0.957195205,0.000354899
Samsun,3486,971700,838085,800171,SP,12323,0.862493568,0.954761152,0.015400458
Samsun,3486,971700,838085,800171,BTP,13437,0.862493568,0.954761152,0.016792661
Samsun,3486,971700,838085,800171,TKP,1638,0.862493568,0.954761152,0.002047062
Samsun,3486,971700,838085,800171,VP,1729,0.862493568,0.954761152,0.002160788
Samsun,3486,971700,838085,800171,AKP,379036,0.862493568,0.954761152,0.473693748
Samsun,3486,971700,838085,800171,DP,5334,0.862493568,0.954761152,0.006666075
Samsun,3486,971700,838085,800171,IYI,213416,0.862493568,0.954761152,0.26671299
Samsun,3486,971700,838085,800171,DSP,4784,0.862493568,0.954761152,0.005978722
Samsun,3486,971700,838085,800171,Bagimsiz,168474,0.862493568,0.954761152,0.210547495
Siirt,268,87793,72680,68705,SP,1003,0.827856435,0.9453082,0.014598646
Siirt,268,87793,72680,68705,BTP,59,0.827856435,0.9453082,0.000858744
Siirt,268,87793,72680,68705,TKP,95,0.827856435,0.9453082,0.001382723
Siirt,268,87793,72680,68705,CHP,1330,0.827856435,0.9453082,0.019358125
Siirt,268,87793,72680,68705,AKP,31611,0.827856435,0.9453082,0.460097518
Siirt,268,87793,72680,68705,DP,128,0.827856435,0.9453082,0.001863038
Siirt,268,87793,72680,68705,IYI,1010,0.827856435,0.9453082,0.014700531
Siirt,268,87793,72680,68705,HDP,33227,0.827856435,0.9453082,0.483618368
Siirt,268,87793,72680,68705,DSP,242,0.827856435,0.9453082,0.003522306
Sinop,113,36386,30520,29330,SP,306,0.838784148,0.961009174,0.010433004
Sinop,113,36386,30520,29330,BTP,57,0.838784148,0.961009174,0.001943403
Sinop,113,36386,30520,29330,TKP,38,0.838784148,0.961009174,0.001295602
Sinop,113,36386,30520,29330,VP,43,0.838784148,0.961009174,0.001466076
Sinop,113,36386,30520,29330,CHP,16609,0.838784148,0.961009174,0.566280259
Sinop,113,36386,30520,29330,AKP,11877,0.838784148,0.961009174,0.404943744
Sinop,113,36386,30520,29330,DP,61,0.838784148,0.961009174,0.002079782
Sinop,113,36386,30520,29330,DSP,59,0.838784148,0.961009174,0.002011592
Sinop,113,36386,30520,29330,Bagimsiz,280,0.838784148,0.961009174,0.009546539
Sivas,699,229430,194541,189036,SP,2806,0.847931831,0.971702623,0.014843733
Sivas,699,229430,194541,189036,BTP,285,0.847931831,0.971702623,0.001507649
Sivas,699,229430,194541,189036,TKP,117,0.847931831,0.971702623,0.00061893
Sivas,699,229430,194541,189036,VP,150,0.847931831,0.971702623,0.0007935
Sivas,699,229430,194541,189036,BBP,68900,0.847931831,0.971702623,0.36448084
Sivas,699,229430,194541,189036,CHP,14528,0.847931831,0.971702623,0.076853086
Sivas,699,229430,194541,189036,AKP,93284,0.847931831,0.971702623,0.493472143
Sivas,699,229430,194541,189036,MHP,8913,0.847931831,0.971702623,0.047149749
Sivas,699,229430,194541,189036,DSP,53,0.847931831,0.971702623,0.00028037
Tekirdag,2360,750441,640044,621774,SP,6181,0.8528905,0.971455087,0.009940911
Tekirdag,2360,750441,640044,621774,BTP,920,0.8528905,0.971455087,0.001479637
Tekirdag,2360,750441,640044,621774,TKP,1044,0.8528905,0.971455087,0.001679067
Tekirdag,2360,750441,640044,621774,VP,1156,0.8528905,0.971455087,0.001859196
Tekirdag,2360,750441,640044,621774,CHP,318246,0.8528905,0.971455087,0.51183549
Tekirdag,2360,750441,640044,621774,AKP,272619,0.8528905,0.971455087,0.438453522
Tekirdag,2360,750441,640044,621774,DP,2373,0.8528905,0.971455087,0.003816499
Tekirdag,2360,750441,640044,621774,HDP,11708,0.8528905,0.971455087,0.018829993
Tekirdag,2360,750441,640044,621774,DSP,7009,0.8528905,0.971455087,0.011272585
Tekirdag,2360,750441,640044,621774,Bagimsiz,518,0.8528905,0.971455087,0.0008331
Tokat,311,100477,85466,83152,SP,1740,0.850602625,0.972924906,0.020925534
Tokat,311,100477,85466,83152,BTP,80,0.850602625,0.972924906,0.000962094
Tokat,311,100477,85466,83152,TKP,163,0.850602625,0.972924906,0.001960266
Tokat,311,100477,85466,83152,AKP,40581,0.850602625,0.972924906,0.488033962
Tokat,311,100477,85466,83152,DP,168,0.850602625,0.972924906,0.002020396
Tokat,311,100477,85466,83152,MHP,23297,0.850602625,0.972924906,0.280173658
Tokat,311,100477,85466,83152,IYI,17012,0.850602625,0.972924906,0.204589186
Tokat,311,100477,85466,83152,DSP,111,0.850602625,0.972924906,0.001334905
Trabzon,2215,594912,497876,475451,SP,15502,0.836890162,0.954958664,0.032604832
Trabzon,2215,594912,497876,475451,BTP,2821,0.836890162,0.954958664,0.005933314
Trabzon,2215,594912,497876,475451,TKP,950,0.836890162,0.954958664,0.001998103
Trabzon,2215,594912,497876,475451,VP,1335,0.836890162,0.954958664,0.00280786
Trabzon,2215,594912,497876,475451,AKP,307167,0.836890162,0.954958664,0.646053957
Trabzon,2215,594912,497876,475451,DP,3747,0.836890162,0.954958664,0.007880938
Trabzon,2215,594912,497876,475451,IYI,140421,0.836890162,0.954958664,0.295342738
Trabzon,2215,594912,497876,475451,DSP,2117,0.836890162,0.954958664,0.004452614
Trabzon,2215,594912,497876,475451,Bagimsiz,1391,0.836890162,0.954958664,0.002925643
Tunceli,76,22771,18343,17967,SP,43,0.805542137,0.979501717,0.002393277
Tunceli,76,22771,18343,17967,BTP,53,0.805542137,0.979501717,0.002949853
Tunceli,76,22771,18343,17967,TKP,5887,0.805542137,0.979501717,0.327656259
Tunceli,76,22771,18343,17967,VP,24,0.805542137,0.979501717,0.001335782
Tunceli,76,22771,18343,17967,CHP,3699,0.805542137,0.979501717,0.205877442
Tunceli,76,22771,18343,17967,AKP,2526,0.805542137,0.979501717,0.140591084
Tunceli,76,22771,18343,17967,MHP,627,0.805542137,0.979501717,0.034897312
Tunceli,76,22771,18343,17967,HDP,5069,0.805542137,0.979501717,0.282128346
Tunceli,76,22771,18343,17967,DSP,39,0.805542137,0.979501717,0.002170646
Sanliurfa,3978,1095282,893936,848816,SP,308510,0.816169717,0.949526588,0.363459218
Sanliurfa,3978,1095282,893936,848816,BTP,6284,0.816169717,0.949526588,0.007403253
Sanliurfa,3978,1095282,893936,848816,TKP,2614,0.816169717,0.949526588,0.003079584
Sanliurfa,3978,1095282,893936,848816,VP,3327,0.816169717,0.949526588,0.003919577
Sanliurfa,3978,1095282,893936,848816,AKP,516202,0.816169717,0.949526588,0.608143579
Sanliurfa,3978,1095282,893936,848816,DSP,7843,0.816169717,0.949526588,0.00923993
Sanliurfa,3978,1095282,893936,848816,Bagimsiz,1711,0.816169717,0.949526588,0.002015749
Sanliurfa,3978,1095282,893936,848816,Bagimsiz,2325,0.816169717,0.949526588,0.00273911
Usak,474,155998,134324,130226,SP,1605,0.861062321,0.969491677,0.012324728
Usak,474,155998,134324,130226,BTP,174,0.861062321,0.969491677,0.001336139
Usak,474,155998,134324,130226,TKP,123,0.861062321,0.969491677,0.000944512
Usak,474,155998,134324,130226,VP,133,0.861062321,0.969491677,0.001021301
Usak,474,155998,134324,130226,CHP,13528,0.861062321,0.969491677,0.103880945
Usak,474,155998,134324,130226,AKP,50934,0.861062321,0.969491677,0.391120053
Usak,474,155998,134324,130226,DP,258,0.861062321,0.969491677,0.001981171
Usak,474,155998,134324,130226,MHP,14015,0.861062321,0.969491677,0.107620598
Usak,474,155998,134324,130226,IYI,49172,0.861062321,0.969491677,0.377589729
Usak,474,155998,134324,130226,DSP,284,0.861062321,0.969491677,0.002180824
Van,2281,654040,512563,483905,SP,9081,0.783687542,0.944088824,0.01876608
Van,2281,654040,512563,483905,BTP,679,0.783687542,0.944088824,0.001403168
Van,2281,654040,512563,483905,TKP,728,0.783687542,0.944088824,0.001504428
Van,2281,654040,512563,483905,VP,448,0.783687542,0.944088824,0.000925802
Van,2281,654040,512563,483905,CHP,9191,0.783687542,0.944088824,0.018993397
Van,2281,654040,512563,483905,AKP,196040,0.783687542,0.944088824,0.40512084
Van,2281,654040,512563,483905,IYI,5345,0.783687542,0.944088824,0.011045556
Van,2281,654040,512563,483905,HDP,260495,0.783687542,0.944088824,0.538318472
Van,2281,654040,512563,483905,DSP,1898,0.783687542,0.944088824,0.003922257
Yozgat,179,55679,47834,46083,SP,243,0.859103073,0.963394238,0.005273094
Yozgat,179,55679,47834,46083,BTP,788,0.859103073,0.963394238,0.017099581
Yozgat,179,55679,47834,46083,TKP,155,0.859103073,0.963394238,0.003363496
Yozgat,179,55679,47834,46083,AKP,18828,0.859103073,0.963394238,0.408567151
Yozgat,179,55679,47834,46083,DP,164,0.859103073,0.963394238,0.003558796
Yozgat,179,55679,47834,46083,MHP,7214,0.859103073,0.963394238,0.156543628
Yozgat,179,55679,47834,46083,IYI,1641,0.859103073,0.963394238,0.035609661
Yozgat,179,55679,47834,46083,DSP,62,0.859103073,0.963394238,0.001345399
Yozgat,179,55679,47834,46083,Bagimsiz,325,0.859103073,0.963394238,0.007052492
Yozgat,179,55679,47834,46083,Bagimsiz,16663,0.859103073,0.963394238,0.361586702
Zonguldak,242,75052,60763,59095,SP,1147,0.809612002,0.972549084,0.019409426
Zonguldak,242,75052,60763,59095,BTP,57,0.809612002,0.972549084,0.000964549
Zonguldak,242,75052,60763,59095,TKP,141,0.809612002,0.972549084,0.002385989
Zonguldak,242,75052,60763,59095,CHP,23152,0.809612002,0.972549084,0.391775954
Zonguldak,242,75052,60763,59095,AKP,25125,0.809612002,0.972549084,0.425162873
Zonguldak,242,75052,60763,59095,DP,144,0.809612002,0.972549084,0.002436754
Zonguldak,242,75052,60763,59095,MHP,8912,0.809612002,0.972549084,0.150808021
Zonguldak,242,75052,60763,59095,DSP,417,0.809612002,0.972549084,0.007056435
Aksaray,433,141003,115437,111812,SP,690,0.818684709,0.96859759,0.006171073
Aksaray,433,141003,115437,111812,BTP,228,0.818684709,0.96859759,0.002039137
Aksaray,433,141003,115437,111812,TKP,131,0.818684709,0.96859759,0.001171609
Aksaray,433,141003,115437,111812,VP,53,0.818684709,0.96859759,0.00047401
Aksaray,433,141003,115437,111812,BBP,477,0.818684709,0.96859759,0.00426609
Aksaray,433,141003,115437,111812,AKP,45253,0.818684709,0.96859759,0.404724001
Aksaray,433,141003,115437,111812,DP,268,0.818684709,0.96859759,0.00239688
Aksaray,433,141003,115437,111812,MHP,44015,0.818684709,0.96859759,0.393651844
Aksaray,433,141003,115437,111812,IYI,20373,0.818684709,0.96859759,0.182207634
Aksaray,433,141003,115437,111812,DSP,194,0.818684709,0.96859759,0.001735055
Aksaray,433,141003,115437,111812,Bagimsiz,130,0.818684709,0.96859759,0.001162666
Bayburt,84,25034,19880,19315,SP,569,0.794119997,0.971579477,0.02945897
Bayburt,84,25034,19880,19315,BTP,14,0.794119997,0.971579477,0.000724825
Bayburt,84,25034,19880,19315,TKP,17,0.794119997,0.971579477,0.000880145
Bayburt,84,25034,19880,19315,CHP,329,0.794119997,0.971579477,0.017033394
Bayburt,84,25034,19880,19315,AKP,6905,0.794119997,0.971579477,0.357494176
Bayburt,84,25034,19880,19315,MHP,10911,0.794119997,0.971579477,0.564897748
Bayburt,84,25034,19880,19315,IYI,519,0.794119997,0.971579477,0.026870308
Bayburt,84,25034,19880,19315,DSP,25,0.794119997,0.971579477,0.001294331
Bayburt,84,25034,19880,19315,Bagimsiz,26,0.794119997,0.971579477,0.001346104
Karaman,341,108660,93339,90701,SP,2096,0.859000552,0.97173743,0.023108896
Karaman,341,108660,93339,90701,BTP,92,0.859000552,0.97173743,0.001014322
Karaman,341,108660,93339,90701,TKP,100,0.859000552,0.97173743,0.001102524
Karaman,341,108660,93339,90701,CHP,14685,0.859000552,0.97173743,0.161905602
Karaman,341,108660,93339,90701,AKP,34842,0.859000552,0.97173743,0.384141299
Karaman,341,108660,93339,90701,MHP,35893,0.859000552,0.97173743,0.395728823
Karaman,341,108660,93339,90701,IYI,2926,0.859000552,0.97173743,0.032259843
Karaman,341,108660,93339,90701,DSP,67,0.859000552,0.97173743,0.000738691
Kirikkale,409,136134,112123,108409,SP,984,0.823622313,0.966875663,0.009076737
Kirikkale,409,136134,112123,108409,BTP,71,0.823622313,0.966875663,0.000654927
Kirikkale,409,136134,112123,108409,TKP,114,0.823622313,0.966875663,0.001051573
Kirikkale,409,136134,112123,108409,VP,97,0.823622313,0.966875663,0.00089476
Kirikkale,409,136134,112123,108409,BBP,1435,0.823622313,0.966875663,0.013236908
Kirikkale,409,136134,112123,108409,AKP,45569,0.823622313,0.966875663,0.420343329
Kirikkale,409,136134,112123,108409,MHP,25445,0.823622313,0.966875663,0.234712985
Kirikkale,409,136134,112123,108409,IYI,34391,0.823622313,0.966875663,0.317233809
Kirikkale,409,136134,112123,108409,DSP,303,0.823622313,0.966875663,0.002794971
Batman,736,246596,192059,181767,SP,2712,0.778840695,0.9464123,0.0149202
Batman,736,246596,192059,181767,BTP,194,0.778840695,0.9464123,0.0010673
Batman,736,246596,192059,181767,TKP,185,0.778840695,0.9464123,0.001017787
Batman,736,246596,192059,181767,CHP,2575,0.778840695,0.9464123,0.014166488
Batman,736,246596,192059,181767,AKP,51902,0.778840695,0.9464123,0.28554138
Batman,736,246596,192059,181767,DP,339,0.778840695,0.9464123,0.001865025
Batman,736,246596,192059,181767,MHP,1180,0.778840695,0.9464123,0.006491827
Batman,736,246596,192059,181767,IYI,1524,0.778840695,0.9464123,0.00838436
Batman,736,246596,192059,181767,HDP,120014,0.778840695,0.9464123,0.660262864
Batman,736,246596,192059,181767,DSP,412,0.778840695,0.9464123,0.002266638
Batman,736,246596,192059,181767,Bagimsiz,730,0.778840695,0.9464123,0.004016131
Sirnak,119,38476,33197,31946,SP,270,0.862797588,0.962315872,0.008451762
Sirnak,119,38476,33197,31946,BTP,44,0.862797588,0.962315872,0.001377324
Sirnak,119,38476,33197,31946,TKP,54,0.862797588,0.962315872,0.001690352
Sirnak,119,38476,33197,31946,CHP,599,0.862797588,0.962315872,0.018750391
Sirnak,119,38476,33197,31946,AKP,19718,0.862797588,0.962315872,0.617229074
Sirnak,119,38476,33197,31946,HDP,11194,0.862797588,0.962315872,0.350403806
Sirnak,119,38476,33197,31946,DSP,67,0.862797588,0.962315872,0.002097289
Bartin,154,50817,40783,39221,SP,1053,0.802546392,0.961699728,0.026847862
Bartin,154,50817,40783,39221,BTP,55,0.802546392,0.961699728,0.00140231
Bartin,154,50817,40783,39221,TKP,62,0.802546392,0.961699728,0.001580786
Bartin,154,50817,40783,39221,CHP,9977,0.802546392,0.961699728,0.254379032
Bartin,154,50817,40783,39221,AKP,13855,0.802546392,0.961699728,0.353254634
Bartin,154,50817,40783,39221,DP,66,0.802546392,0.961699728,0.001682772
Bartin,154,50817,40783,39221,MHP,14024,0.802546392,0.961699728,0.35756355
Bartin,154,50817,40783,39221,DSP,97,0.802546392,0.961699728,0.002473165
Bartin,154,50817,40783,39221,Bagimsiz,32,0.802546392,0.961699728,0.000815889
Ardahan,45,13454,10976,10445,SP,30,0.815816857,0.95162172,0.002872188
Ardahan,45,13454,10976,10445,BTP,9,0.815816857,0.95162172,0.000861656
Ardahan,45,13454,10976,10445,TKP,17,0.815816857,0.95162172,0.001627573
Ardahan,45,13454,10976,10445,VP,21,0.815816857,0.95162172,0.002010531
Ardahan,45,13454,10976,10445,CHP,5348,0.815816857,0.95162172,0.512015318
Ardahan,45,13454,10976,10445,AKP,4501,0.815816857,0.95162172,0.430923887
Ardahan,45,13454,10976,10445,IYI,507,0.815816857,0.95162172,0.048539971
Ardahan,45,13454,10976,10445,DSP,12,0.815816857,0.95162172,0.001148875
Igdir,170,56116,46174,44368,SP,206,0.822831278,0.960887079,0.004642986
Igdir,170,56116,46174,44368,BTP,54,0.822831278,0.960887079,0.001217093
Igdir,170,56116,46174,44368,TKP,76,0.822831278,0.960887079,0.001712946
Igdir,170,56116,46174,44368,CHP,1014,0.822831278,0.960887079,0.022854309
Igdir,170,56116,46174,44368,MHP,20713,0.822831278,0.960887079,0.466845474
Igdir,170,56116,46174,44368,HDP,22227,0.822831278,0.960887079,0.500969167
Igdir,170,56116,46174,44368,DSP,78,0.822831278,0.960887079,0.001758024
Yalova,245,82964,65048,62726,SP,935,0.784050914,0.964303284,0.0149061
Yalova,245,82964,65048,62726,BTP,88,0.784050914,0.964303284,0.001402927
Yalova,245,82964,65048,62726,TKP,65,0.784050914,0.964303284,0.001036253
Yalova,245,82964,65048,62726,VP,222,0.784050914,0.964303284,0.003539202
Yalova,245,82964,65048,62726,CHP,28796,0.784050914,0.964303284,0.459075981
Yalova,245,82964,65048,62726,AKP,28183,0.784050914,0.964303284,0.449303319
Yalova,245,82964,65048,62726,DP,3683,0.784050914,0.964303284,0.058715684
Yalova,245,82964,65048,62726,HDP,560,0.784050914,0.964303284,0.008927717
Yalova,245,82964,65048,62726,DSP,194,0.784050914,0.964303284,0.003092816
Karabük,244,79727,66527,63848,SP,893,0.834435009,0.959730636,0.013986343
Karabük,244,79727,66527,63848,BTP,134,0.834435009,0.959730636,0.002098734
Karabük,244,79727,66527,63848,TKP,89,0.834435009,0.959730636,0.001393936
Karabük,244,79727,66527,63848,BBP,687,0.834435009,0.959730636,0.01075993
Karabük,244,79727,66527,63848,AKP,24874,0.834435009,0.959730636,0.389581506
Karabük,244,79727,66527,63848,MHP,25429,0.834435009,0.959730636,0.398274026
Karabük,244,79727,66527,63848,IYI,11550,0.834435009,0.959730636,0.180898384
Karabük,244,79727,66527,63848,DSP,192,0.834435009,0.959730636,0.003007142
Kilis,213,62657,51676,49802,SP,1048,0.824744242,0.963735583,0.021043332
Kilis,213,62657,51676,49802,BTP,254,0.824744242,0.963735583,0.005100197
Kilis,213,62657,51676,49802,TKP,165,0.824744242,0.963735583,0.00331312
Kilis,213,62657,51676,49802,AKP,23538,0.824744242,0.963735583,0.472631621
Kilis,213,62657,51676,49802,MHP,16224,0.824744242,0.963735583,0.325770049
Kilis,213,62657,51676,49802,IYI,8403,0.824744242,0.963735583,0.168728164
Kilis,213,62657,51676,49802,DSP,170,0.824744242,0.963735583,0.003413518
Osmaniye,452,150217,119922,113490,SP,2010,0.79832509,0.946365137,0.017710812
Osmaniye,452,150217,119922,113490,BTP,3112,0.79832509,0.946365137,0.027420918
Osmaniye,452,150217,119922,113490,TKP,210,0.79832509,0.946365137,0.001850383
Osmaniye,452,150217,119922,113490,DP,380,0.79832509,0.946365137,0.003348313
Osmaniye,452,150217,119922,113490,MHP,61788,0.79832509,0.946365137,0.544435633
Osmaniye,452,150217,119922,113490,IYI,22344,0.79832509,0.946365137,0.196880782
Osmaniye,452,150217,119922,113490,HDP,4125,0.79832509,0.946365137,0.036346815
Osmaniye,452,150217,119922,113490,DSP,326,0.79832509,0.946365137,0.0028725
Osmaniye,452,150217,119922,113490,Bagimsiz,1551,0.79832509,0.946365137,0.013666402
Osmaniye,452,150217,119922,113490,Bagimsiz,17644,0.79832509,0.946365137,0.155467442
Düzce,354,114146,97505,93973,SP,862,0.854213025,0.963776217,0.009172848
Düzce,354,114146,97505,93973,BTP,162,0.854213025,0.963776217,0.001723899
Düzce,354,114146,97505,93973,TKP,110,0.854213025,0.963776217,0.001170549
Düzce,354,114146,97505,93973,VP,182,0.854213025,0.963776217,0.001936727
Düzce,354,114146,97505,93973,BBP,503,0.854213025,0.963776217,0.005352601
Düzce,354,114146,97505,93973,AKP,44299,0.854213025,0.963776217,0.47140136
Düzce,354,114146,97505,93973,DP,469,0.854213025,0.963776217,0.004990795
Düzce,354,114146,97505,93973,MHP,20443,0.854213025,0.963776217,0.217541209
Düzce,354,114146,97505,93973,IYI,26280,0.854213025,0.963776217,0.279654794
Düzce,354,114146,97505,93973,DSP,226,0.854213025,0.963776217,0.002404946
Düzce,354,114146,97505,93973,Bagimsiz,437,0.854213025,0.963776217,0.004650272
